"ID","Name"
"VS/W50-001","
<U+5E38><U+590F><U+306E><U+89E3><U+653E><U+611F> <U+30D5><U+30FC><U+30AB><U+30C8><U+30B3><U+30CA><U+30C4><U+30CE><U+30AB><U+30A4><U+30DB><U+30A6><U+30AB><U+30F3><U+30D5><U+30FC><U+30AB>
"
"VS/W50-002","
U15<U+30C1><U+30E3><U+30F3><U+30D4><U+30AA><U+30F3> <U+30A2><U+30A4><U+30F3><U+30CF><U+30EB><U+30C8><U+30A2><U+30F3><U+30C0><U+30FC>15<U+30C1><U+30E3><U+30F3><U+30D4><U+30AA><U+30F3><U+30A2><U+30A4><U+30F3><U+30CF><U+30EB><U+30C8>
"
"VS/W50-003","
“<U+6483><U+3061><U+629C><U+304F><U+4E00><U+6483>”<U+30D5><U+30FC><U+30AB>“<U+30A6><U+30C1><U+30CC><U+30AF><U+30B9><U+30C8><U+30E9><U+30A4><U+30AF>”<U+30D5><U+30FC><U+30AB>
"
"VS/W50-004","
<U+3070><U+3064><U+306E><U+60AA><U+3044><U+30A2><U+30A4><U+30F3><U+30CF><U+30EB><U+30C8><U+30D0><U+30C4><U+30CE><U+30EF><U+30EB><U+30A4><U+30A2><U+30A4><U+30F3><U+30CF><U+30EB><U+30C8>
"
"VS/W50-005","
<U+5927><U+304D><U+306A><U+80CC><U+4E2D> <U+30D5><U+30FC><U+30AB><U+30AA><U+30AA><U+30AD><U+30CA><U+30BB><U+30CA><U+30AB><U+30D5><U+30FC><U+30AB>
"
"VS/W50-006","
<U+4E00><U+7DD2><U+306B><U+304A><U+98A8><U+5442> <U+30A2><U+30A4><U+30F3><U+30CF><U+30EB><U+30C8>&<U+30D5><U+30FC><U+30AB><U+30A4><U+30C3><U+30B7><U+30E7><U+30CB><U+30AA><U+30D5><U+30ED><U+30A2><U+30A4><U+30F3><U+30CF><U+30EB><U+30C8>&<U+30D5><U+30FC><U+30AB>
"
"VS/W50-007","
<U+57FA><U+672C><U+306E><U+69CB><U+3048> <U+30A2><U+30A4><U+30F3><U+30CF><U+30EB><U+30C8><U+30AD><U+30DB><U+30F3><U+30CE><U+30AB><U+30DE><U+30A8><U+30A2><U+30A4><U+30F3><U+30CF><U+30EB><U+30C8>
"
"VS/W50-008","
<U+671D><U+306E><U+30ED><U+30FC><U+30C9><U+30EF><U+30FC><U+30AF> <U+30D5><U+30FC><U+30AB><U+30A2><U+30B5><U+30CE><U+30ED><U+30FC><U+30C9><U+30EF><U+30FC><U+30AF><U+30D5><U+30FC><U+30AB>
"
"VS/W50-009","
<U+5802><U+3005><U+305F><U+308B><U+30EA><U+30F3><U+30B0><U+30A4><U+30F3> <U+30A2><U+30A4><U+30F3><U+30CF><U+30EB><U+30C8><U+30C9><U+30A6><U+30C9><U+30A6><U+30BF><U+30EB><U+30EA><U+30F3><U+30B0><U+30A4><U+30F3><U+30A2><U+30A4><U+30F3><U+30CF><U+30EB><U+30C8>
"
"VS/W50-010","
“<U+8987><U+738B><U+6D41><U+306E><U+5E2B><U+5F1F>”<U+30A2><U+30A4><U+30F3><U+30CF><U+30EB><U+30C8>&<U+30D5><U+30FC><U+30AB>“<U+30CF><U+30AA><U+30A6><U+30EA><U+30E5><U+30A6><U+30CE><U+30B7><U+30C6><U+30A4>”<U+30A2><U+30A4><U+30F3><U+30CF><U+30EB><U+30C8>&<U+30D5><U+30FC><U+30AB>
"
"VS/W50-011","
<U+3044><U+3064><U+3082><U+4E0D><U+6A5F><U+5ACC> <U+30D5><U+30FC><U+30AB><U+30A4><U+30C4><U+30E2><U+30D5><U+30AD><U+30B2><U+30F3><U+30D5><U+30FC><U+30AB>
"
"VS/W50-012","
<U+4E0A><U+9054><U+306E><U+5B9F><U+611F> <U+30D5><U+30FC><U+30AB><U+30B8><U+30E7><U+30A6><U+30BF><U+30C4><U+30CE><U+30B8><U+30C3><U+30AB><U+30F3><U+30D5><U+30FC><U+30AB>
"
"VS/W50-013","
<U+5DEE><U+3057><U+5165><U+308C><U+3067><U+307B><U+3063><U+3053><U+308A> <U+30D5><U+30FC><U+30AB><U+30B5><U+30B7><U+30A4><U+30EC><U+30C7><U+30DB><U+30C3><U+30B3><U+30EA><U+30D5><U+30FC><U+30AB>
"
"VS/W50-014","
<U+81EA><U+6162><U+306E><U+5F8C><U+8F29><U+305F><U+3061> <U+30A2><U+30A4><U+30F3><U+30CF><U+30EB><U+30C8><U+30B8><U+30DE><U+30F3><U+30CE><U+30B3><U+30A6><U+30CF><U+30A4><U+30BF><U+30C1><U+30A2><U+30A4><U+30F3><U+30CF><U+30EB><U+30C8>
"
"VS/W50-015","
<U+30CF><U+30EA><U+30FC>·<U+30C8><U+30E9><U+30A4><U+30D9><U+30C3><U+30AB><U+30CF><U+30EA><U+30FC>·<U+30C8><U+30E9><U+30A4><U+30D9><U+30C3><U+30AB>
"
"VS/W50-016","
<U+30A8><U+30EB><U+30B9>·<U+30BF><U+30B9><U+30DF><U+30F3><U+30A8><U+30EB><U+30B9>·<U+30BF><U+30B9><U+30DF><U+30F3>
"
"VS/W50-017","
<U+5148><U+8F29><U+305F><U+3061><U+306E><U+6559><U+3048> <U+30D5><U+30FC><U+30AB><U+30BB><U+30F3><U+30D1><U+30A4><U+30BF><U+30C1><U+30CE><U+30AA><U+30B7><U+30A8><U+30D5><U+30FC><U+30AB>
"
"VS/W50-018","
<U+30BB><U+30C3><U+30C8><U+30A2><U+30C3><U+30D7>! <U+30A2><U+30A4><U+30F3><U+30CF><U+30EB><U+30C8><U+30BB><U+30C3><U+30C8><U+30A2><U+30C3><U+30D7>!<U+30A2><U+30A4><U+30F3><U+30CF><U+30EB><U+30C8>
"
"VS/W50-019","
<U+3054><U+5148><U+7956><U+3064><U+306A><U+304C><U+308A> <U+30D5><U+30A1><U+30D3><U+30A2><U+30B4><U+30BB><U+30F3><U+30BE><U+30C4><U+30CA><U+30AC><U+30EA><U+30D5><U+30A1><U+30D3><U+30A2>
"
"VS/W50-020","
<U+30A2><U+30A4><U+30F3><U+30CF><U+30EB><U+30C8>·<U+30B9><U+30C8><U+30E9><U+30C8><U+30B9><U+30A2><U+30A4><U+30F3><U+30CF><U+30EB><U+30C8>·<U+30B9><U+30C8><U+30E9><U+30C8><U+30B9>
"
"VS/W50-021","
<U+30D5><U+30A1><U+30D3><U+30A2>·<U+30AF><U+30ED><U+30BC><U+30EB><U+30B0><U+30D5><U+30A1><U+30D3><U+30A2>·<U+30AF><U+30ED><U+30BC><U+30EB><U+30B0>
"
"VS/W50-022","
<U+3069><U+3053><U+304B><U+5B09><U+3057><U+6C17> <U+30A2><U+30A4><U+30F3><U+30CF><U+30EB><U+30C8><U+30C9><U+30B3><U+30AB><U+30A6><U+30EC><U+30B7><U+30B2><U+30A2><U+30A4><U+30F3><U+30CF><U+30EB><U+30C8>
"
"VS/W50-023","
<U+3084><U+3093><U+3061><U+3083><U+306A><U+6027><U+683C> <U+30CF><U+30EA><U+30FC><U+30E4><U+30F3><U+30C1><U+30E3><U+30CA><U+30BB><U+30A4><U+30AB><U+30AF><U+30CF><U+30EA><U+30FC>
"
"VS/W50-024","
<U+898B><U+51FA><U+3055><U+308C><U+305F><U+539F><U+77F3> <U+30D5><U+30FC><U+30AB><U+30DF><U+30A4><U+30C0><U+30B5><U+30EC><U+30BF><U+30B2><U+30F3><U+30BB><U+30AD><U+30D5><U+30FC><U+30AB>
"
"VS/W50-025","
<U+30CF><U+30EA><U+30FC><U+3068><U+4EF2><U+826F><U+3057><U+FF1F><U+30A8><U+30EB><U+30B9><U+30CF><U+30EA><U+30FC><U+30C8><U+30CA><U+30AB><U+30E8><U+30B7><U+FF1F><U+30A8><U+30EB><U+30B9>
"
"VS/W50-026","
<U+793C><U+5100><U+6B63><U+3057><U+3044><U+30D5><U+30FC><U+30AB><U+30EC><U+30A4><U+30AE><U+30BF><U+30C0><U+30B7><U+30A4><U+30D5><U+30FC><U+30AB>
"
"VS/W50-027","
<U+30EA><U+30F3><U+30CD><U+3068><U+306E><U+5BFE><U+5CD9> <U+30D5><U+30FC><U+30AB><U+30EA><U+30F3><U+30CD><U+30C8><U+30CE><U+30BF><U+30A4><U+30B8><U+30D5><U+30FC><U+30AB>
"
"VS/W50-028","
<U+30A6><U+30E9><U+30AB><U+30F3><U+30A6><U+30E9><U+30AB><U+30F3>
"
"VS/W50-029","
<U+30A2><U+30B9><U+30C6><U+30A3><U+30AA><U+30F3><U+30A2><U+30B9><U+30C6><U+30A3><U+30AA><U+30F3>
"
"VS/W50-030","
<U+6B74><U+53F2><U+306B><U+6B8B><U+308B><U+30C1><U+30E3><U+30F3><U+30D4><U+30AA><U+30F3><U+30EC><U+30AD><U+30B7><U+30CB><U+30CE><U+30B3><U+30EB><U+30C1><U+30E3><U+30F3><U+30D4><U+30AA><U+30F3>
"
"VS/W50-031","
<U+96E8><U+4E0A><U+304C><U+308A><U+306E><U+6C7A><U+7740><U+30A2><U+30E1><U+30A2><U+30AC><U+30EA><U+30CE><U+30B1><U+30C3><U+30C1><U+30E3><U+30AF>
"
"VS/W50-032","
<U+5927><U+5207><U+306A><U+5E7C><U+99B4><U+67D3><U+30BF><U+30A4><U+30BB><U+30C4><U+30CA><U+30AA><U+30B5><U+30CA><U+30CA><U+30B8><U+30DF>
"
"VS/W50-033","
<U+884C><U+304D><U+307E><U+3059><U+3088><U+3001><U+30C6><U+30A3><U+30AA><U+30A4><U+30AD><U+30DE><U+30B9><U+30E8><U+3001><U+30C6><U+30A3><U+30AA>
"
"VS/W50-034","
<U+305D><U+308C><U+3067><U+3082><U+524D><U+5411><U+304D> <U+30F4><U+30A3><U+30F4><U+30A3><U+30AA><U+30BD><U+30EC><U+30C7><U+30E2><U+30DE><U+30A8><U+30E0><U+30AD><U+30F4><U+30A3><U+30F4><U+30A3><U+30AA>
"
"VS/W50-035","
<U+8AB0><U+3088><U+308A><U+512A><U+79C0><U+306A><U+76EE> <U+30F4><U+30A3><U+30F4><U+30A3><U+30AA><U+30C0><U+30EC><U+30E8><U+30EA><U+30E6><U+30A6><U+30B7><U+30E5><U+30A6><U+30CA><U+30E1><U+30F4><U+30A3><U+30F4><U+30A3><U+30AA>
"
"VS/W50-036","
<U+5FC5><U+6BBA><U+306E><U+6253><U+6483> <U+30DF><U+30A6><U+30E9><U+30D2><U+30C3><U+30B5><U+30C4><U+30CE><U+30C0><U+30B2><U+30AD><U+30DF><U+30A6><U+30E9>
"
"VS/W50-037","
<U+8A17><U+3055><U+308C><U+305F><U+7D04><U+675F> <U+30F4><U+30A3><U+30F4><U+30A3><U+30AA><U+30BF><U+30AF><U+30B5><U+30EC><U+30BF><U+30E4><U+30AF><U+30BD><U+30AF><U+30F4><U+30A3><U+30F4><U+30A3><U+30AA>
"
"VS/W50-038","
<U+30DF><U+30A6><U+30E9>·<U+30EA><U+30CA><U+30EB><U+30C7><U+30A3><U+30DF><U+30A6><U+30E9>·<U+30EA><U+30CA><U+30EB><U+30C7><U+30A3>
"
"VS/W50-039","
<U+6253><U+6483><U+30C8><U+30EC><U+30FC><U+30CB><U+30F3><U+30B0> <U+30B3><U+30ED><U+30CA><U+30C0><U+30B2><U+30AD><U+30C8><U+30EC><U+30FC><U+30CB><U+30F3><U+30B0><U+30B3><U+30ED><U+30CA>
"
"VS/W50-040","
<U+6599><U+7406><U+304C><U+5F97><U+610F> <U+30DF><U+30A6><U+30E9><U+30EA><U+30E7><U+30A6><U+30EA><U+30AC><U+30C8><U+30AF><U+30A4><U+30DF><U+30A6><U+30E9>
"
"VS/W50-041","
<U+7D19><U+4E00><U+91CD><U+306E><U+653B><U+9632> <U+30F4><U+30A3><U+30F4><U+30A3><U+30AA><U+30AB><U+30DF><U+30D2><U+30C8><U+30A8><U+30CE><U+30B3><U+30A6><U+30DC><U+30A6><U+30F4><U+30A3><U+30F4><U+30A3><U+30AA>
"
"VS/W50-042","
<U+30CE><U+30FC><U+30F4><U+30A7>·<U+30CA><U+30AB><U+30B8><U+30DE><U+30CE><U+30FC><U+30F4><U+30A7>·<U+30CA><U+30AB><U+30B8><U+30DE>
"
"VS/W50-043","
<U+96FB><U+5149><U+77F3><U+706B> <U+30F4><U+30A3><U+30F4><U+30A3><U+30AA><U+30C7><U+30F3><U+30B3><U+30A6><U+30BB><U+30C3><U+30AB><U+30F4><U+30A3><U+30F4><U+30A3><U+30AA>
"
"VS/W50-044","
<U+30B7><U+30B9><U+30BF><U+30FC><U+30BB><U+30A4><U+30F3><U+30B7><U+30B9><U+30BF><U+30FC><U+30BB><U+30A4><U+30F3>
"
"VS/W50-045","
<U+660E><U+308B><U+304F><U+5143><U+6C17> <U+30EA><U+30AA><U+30A2><U+30AB><U+30EB><U+30AF><U+30B2><U+30F3><U+30AD><U+30EA><U+30AA>
"
"VS/W50-046","
<U+601D><U+3044><U+51FA><U+3059><U+6614> <U+30CE><U+30FC><U+30F4><U+30A7><U+30AA><U+30E2><U+30A4><U+30C0><U+30B9><U+30E0><U+30AB><U+30B7><U+30CE><U+30FC><U+30F4><U+30A7>
"
"VS/W50-047","
<U+30B9><U+30DD><U+30FC><U+30C4><U+30C9><U+30AF><U+30BF><U+30FC><U+5FD7><U+671B> <U+30E6><U+30DF><U+30CA><U+30B9><U+30DD><U+30FC><U+30C4><U+30C9><U+30AF><U+30BF><U+30FC><U+30B7><U+30DC><U+30A6><U+30E6><U+30DF><U+30CA>
"
"VS/W50-048","
“<U+30B9><U+30FC><U+30D1><U+30FC><U+5909><U+8EAB><U+30BF><U+30A4><U+30E0>”<U+30EA><U+30AA>“<U+30B9><U+30FC><U+30D1><U+30FC><U+30D8><U+30F3><U+30B7><U+30F3><U+30BF><U+30A4><U+30E0>”<U+30EA><U+30AA>
"
"VS/W50-049","
<U+30DF><U+30AB><U+30E4>·<U+30B7><U+30A7><U+30D9><U+30EB><U+30DF><U+30AB><U+30E4>·<U+30B7><U+30A7><U+30D9><U+30EB>
"
"VS/W50-050","
<U+5C45><U+5408><U+9053><U+306E><U+5E2B><U+7BC4> <U+30DF><U+30AB><U+30E4><U+30A4><U+30A2><U+30A4><U+30C9><U+30A6><U+30CE><U+30B7><U+30CF><U+30F3><U+30DF><U+30AB><U+30E4>
"
"VS/W50-051","
<U+5929><U+771F><U+721B><U+6F2B> <U+30F4><U+30A3><U+30F4><U+30A3><U+30AA><U+30C6><U+30F3><U+30B7><U+30F3><U+30E9><U+30F3><U+30DE><U+30F3><U+30F4><U+30A3><U+30F4><U+30A3><U+30AA>
"
"VS/W50-052","
<U+30B3><U+30ED><U+30CA>·<U+30C6><U+30A3><U+30DF><U+30EB><U+30B3><U+30ED><U+30CA>·<U+30C6><U+30A3><U+30DF><U+30EB>
"
"VS/W50-053","
<U+30E6><U+30DF><U+30CA>·<U+30A2><U+30F3><U+30AF><U+30EC><U+30A4><U+30F4><U+30E6><U+30DF><U+30CA>·<U+30A2><U+30F3><U+30AF><U+30EC><U+30A4><U+30F4>
"
"VS/W50-054","
<U+30A4><U+30AF><U+30B9><U+30F4><U+30A7><U+30EA><U+30A2><U+30A4><U+30AF><U+30B9><U+30F4><U+30A7><U+30EA><U+30A2>
"
"VS/W50-055","
<U+30CA><U+30AB><U+30B8><U+30DE><U+30B8><U+30E0><U+96C6><U+5408>!<U+30CA><U+30AB><U+30B8><U+30DE><U+30B8><U+30E0><U+30B7><U+30E5><U+30A6><U+30B4><U+30A6>!
"
"VS/W50-056","
<U+6559><U+4F1A><U+306E><U+6CBB><U+7642><U+58EB> <U+30A4><U+30AF><U+30B9><U+30F4><U+30A7><U+30EA><U+30A2><U+30AD><U+30E7><U+30A6><U+30AB><U+30A4><U+30CE><U+30C1><U+30EA><U+30E7><U+30A6><U+30B7><U+30A4><U+30AF><U+30B9><U+30F4><U+30A7><U+30EA><U+30A2>
"
"VS/W50-057","
<U+30B7><U+30E3><U+30F3><U+30C6>·<U+30A2><U+30D4><U+30CB><U+30AA><U+30F3><U+30B7><U+30E3><U+30F3><U+30C6>·<U+30A2><U+30D4><U+30CB><U+30AA><U+30F3>
"
"VS/W50-058","
<U+30B9><U+30FC><U+30C4><U+59FF> <U+30CE><U+30FC><U+30F4><U+30A7><U+30B9><U+30FC><U+30C4><U+30B9><U+30AC><U+30BF><U+30CE><U+30FC><U+30F4><U+30A7>
"
"VS/W50-059","
<U+5F37><U+6253><U+8005> <U+30DF><U+30A6><U+30E9><U+30AD><U+30E7><U+30A6><U+30C0><U+30B7><U+30E3><U+30DF><U+30A6><U+30E9>
"
"VS/W50-060","
<U+30EB><U+30FC><U+30C6><U+30B7><U+30A2>·<U+30A2><U+30EB><U+30D4><U+30FC><U+30CE><U+30EB><U+30FC><U+30C6><U+30B7><U+30A2>·<U+30A2><U+30EB><U+30D4><U+30FC><U+30CE>
"
"VS/W50-061","
<U+30EA><U+30AA><U+FF65><U+30A6><U+30A7><U+30BA><U+30EA><U+30FC><U+30EA><U+30AA><U+FF65><U+30A6><U+30A7><U+30BA><U+30EA><U+30FC>
"
"VS/W50-062","
<U+30B9><U+30BF><U+30FC><U+30BB><U+30A4><U+30D0><U+30FC><U+30B9><U+30BF><U+30FC><U+30BB><U+30A4><U+30D0><U+30FC>
"
"VS/W50-063","
<U+30BB><U+30A4><U+30AF><U+30EA><U+30C3><U+30C9>·<U+30CF><U+30FC><U+30C8><U+30BB><U+30A4><U+30AF><U+30EA><U+30C3><U+30C9>·<U+30CF><U+30FC><U+30C8>
"
"VS/W50-064","
<U+30A2><U+30AF><U+30BB><U+30EB><U+30B9><U+30DE><U+30C3><U+30B7><U+30E5>·<U+30A4><U+30F3><U+30D5><U+30A3><U+30CB><U+30C6><U+30A3><U+30A2><U+30AF><U+30BB><U+30EB><U+30B9><U+30DE><U+30C3><U+30B7><U+30E5>·<U+30A4><U+30F3><U+30D5><U+30A3><U+30CB><U+30C6><U+30A3>
"
"VS/W50-065","
<U+4E8C><U+4EBA><U+304D><U+308A><U+306E><U+7DF4><U+7FD2><U+30D5><U+30BF><U+30EA><U+30AD><U+30EA><U+30CE><U+30EC><U+30F3><U+30B7><U+30E5><U+30A6>
"
"VS/W50-066","
<U+629C><U+5263><U+30D0><U+30C3><U+30B1><U+30F3>
"
"VS/W50-067","
<U+9078><U+624B><U+3068><U+306E><U+7D46><U+30BB><U+30F3><U+30B7><U+30E5><U+30C8><U+30CE><U+30AD><U+30BA><U+30CA>
"
"VS/W50-068","
<U+5E38><U+590F><U+306E><U+89E3><U+653E><U+611F> <U+30EA><U+30F3><U+30CD><U+30C8><U+30B3><U+30CA><U+30C4><U+30CE><U+30AB><U+30A4><U+30DB><U+30A6><U+30AB><U+30F3><U+30EA><U+30F3><U+30CD>
"
"VS/W50-069","
“<U+684E><U+688F><U+3068><U+306A><U+308B><U+904E><U+53BB>”<U+30EA><U+30F3><U+30CD>“<U+30B7><U+30C3><U+30B3><U+30AF><U+30C8><U+30CA><U+30EB><U+30AB><U+30B3>”<U+30EA><U+30F3><U+30CD>
"
"VS/W50-070","
<U+5DEE><U+3057><U+5165><U+308C><U+3067><U+307B><U+3063><U+3053><U+308A> <U+30EA><U+30F3><U+30CD><U+30B5><U+30B7><U+30A4><U+30EC><U+30C7><U+30DB><U+30C3><U+30B3><U+30EA><U+30EA><U+30F3><U+30CD>
"
"VS/W50-071","
<U+51B7><U+305F><U+3044><U+77B3> <U+30EA><U+30F3><U+30CD><U+30C4><U+30E1><U+30BF><U+30A4><U+30D2><U+30C8><U+30DF><U+30EA><U+30F3><U+30CD>
"
"VS/W50-072","
<U+78BA><U+56FA><U+305F><U+308B><U+80B2><U+6210><U+65B9><U+91DD> <U+30B8><U+30EB><U+30AB><U+30C3><U+30B3><U+30BF><U+30EB><U+30A4><U+30AF><U+30BB><U+30A4><U+30DB><U+30A6><U+30B7><U+30F3><U+30B8><U+30EB>
"
"VS/W50-073","
<U+30BB><U+30C3><U+30C8><U+30A2><U+30C3><U+30D7>! <U+30EA><U+30F3><U+30CD><U+30BB><U+30C3><U+30C8><U+30A2><U+30C3><U+30D7>!<U+30EA><U+30F3><U+30CD>
"
"VS/W50-074","
<U+5F37><U+5F15><U+306A><U+653B><U+52E2> <U+30EA><U+30F3><U+30CD><U+30B4><U+30A6><U+30A4><U+30F3><U+30CA><U+30B3><U+30A6><U+30BB><U+30A4><U+30EA><U+30F3><U+30CD>
"
"VS/W50-075","
<U+5F37><U+3055><U+3092><U+6C42><U+3081><U+308B><U+30EA><U+30F3><U+30CD><U+30C4><U+30E8><U+30B5><U+30F2><U+30E2><U+30C8><U+30E1><U+30EB><U+30EA><U+30F3><U+30CD>
"
"VS/W50-076","
<U+96E8><U+306B><U+7159><U+308B><U+69CB><U+3048> <U+30EA><U+30F3><U+30CD><U+30A2><U+30E1><U+30CB><U+30B1><U+30D6><U+30EB><U+30AB><U+30DE><U+30A8><U+30EA><U+30F3><U+30CD>
"
"VS/W50-077","
<U+30ED><U+30A4>·<U+30D9><U+30EB><U+30EA><U+30CD><U+30C3><U+30BF><U+30ED><U+30A4>·<U+30D9><U+30EB><U+30EA><U+30CD><U+30C3><U+30BF>
"
"VS/W50-078","
<U+30AF><U+30E9><U+30B9><U+30E1><U+30A4><U+30C8><U+306E><U+3044><U+3058><U+3081><U+3063><U+5B50><U+30AF><U+30E9><U+30B9><U+30E1><U+30A4><U+30C8><U+30CE><U+30A4><U+30B8><U+30E1><U+30C3><U+30B3>
"
"VS/W50-079","
“<U+5168><U+90E8><U+7D42><U+308F><U+308A><U+3067><U+3044><U+3044>”<U+30EA><U+30F3><U+30CD>“<U+30BC><U+30F3><U+30D6><U+30AA><U+30EF><U+30EA><U+30C7><U+30A4><U+30A4>”<U+30EA><U+30F3><U+30CD>
"
"VS/W50-080","
<U+30D5><U+30FC><U+30AB><U+3068><U+306E><U+5BFE><U+5CD9> <U+30EA><U+30F3><U+30CD><U+30D5><U+30FC><U+30AB><U+30C8><U+30CE><U+30BF><U+30A4><U+30B8><U+30EA><U+30F3><U+30CD>
"
"VS/W50-081","
<U+30EA><U+30F3><U+30B0><U+30A4><U+30F3>!<U+30EA><U+30F3><U+30CD><U+30EA><U+30F3><U+30B0><U+30A4><U+30F3>!<U+30EA><U+30F3><U+30CD>
"
"VS/W50-082","
<U+6539><U+307E><U+3063><U+305F><U+96F0><U+56F2><U+6C17> <U+30B8><U+30EB><U+30A2><U+30E9><U+30BF><U+30DE><U+30C3><U+30BF><U+30D5><U+30F3><U+30A4><U+30AD><U+30B8><U+30EB>
"
"VS/W50-083","
<U+4EF2><U+826F><U+304F><U+304A><U+6CCA><U+308A> <U+30D5><U+30FC><U+30AB>&<U+30EA><U+30F3><U+30CD><U+30CA><U+30AB><U+30E8><U+30AF><U+30AA><U+30C8><U+30DE><U+30EA><U+30D5><U+30FC><U+30AB>&<U+30EA><U+30F3><U+30CD>
"
"VS/W50-084","
<U+30F4><U+30A3><U+30AF><U+30C8><U+30FC><U+30EA><U+30A2>·<U+30C0><U+30FC><U+30EB><U+30B0><U+30EA><U+30E5><U+30F3><U+30F4><U+30A3><U+30AF><U+30C8><U+30FC><U+30EA><U+30A2>·<U+30C0><U+30FC><U+30EB><U+30B0><U+30EA><U+30E5><U+30F3>
"
"VS/W50-085","
<U+30C0><U+30F3>·<U+30D9><U+30EB><U+30EA><U+30CD><U+30C3><U+30BF><U+30C0><U+30F3>·<U+30D9><U+30EB><U+30EA><U+30CD><U+30C3><U+30BF>
"
"VS/W50-086","
<U+30ED><U+30FC><U+30EA><U+30FC>·<U+30D9><U+30EB><U+30EA><U+30CD><U+30C3><U+30BF><U+30ED><U+30FC><U+30EA><U+30FC>·<U+30D9><U+30EB><U+30EA><U+30CD><U+30C3><U+30BF>
"
"VS/W50-087","
<U+6307><U+5C0E><U+8005><U+306E><U+82E6><U+60A9> <U+30B8><U+30EB><U+30B7><U+30C9><U+30A6><U+30B7><U+30E3><U+30CE><U+30AF><U+30CE><U+30A6><U+30B8><U+30EB>
"
"VS/W50-088","
“<U+6557><U+8005>”<U+30EA><U+30F3><U+30CD>“<U+30CF><U+30A4><U+30B7><U+30E3>”<U+30EA><U+30F3><U+30CD>
"
"VS/W50-089","
<U+5C0F><U+3055><U+306A><U+697D><U+3057><U+3044><U+3053><U+3068> <U+30EA><U+30F3><U+30CD><U+30C1><U+30A4><U+30B5><U+30CA><U+30BF><U+30CE><U+30B7><U+30A4><U+30B3><U+30C8><U+30EA><U+30F3><U+30CD>
"
"VS/W50-090","
<U+601D><U+6848><U+9854><U+306E><U+30F4><U+30A3><U+30AF><U+30C8><U+30FC><U+30EA><U+30A2><U+30B7><U+30A2><U+30F3><U+30AC><U+30AA><U+30CE><U+30F4><U+30A3><U+30AF><U+30C8><U+30FC><U+30EA><U+30A2>
"
"VS/W50-091","
<U+5927><U+597D><U+304D><U+306A><U+304A><U+3058><U+3044><U+3061><U+3083><U+3093> <U+30ED><U+30A4><U+30C0><U+30A4><U+30B9><U+30AD><U+30CA><U+30AA><U+30B8><U+30A4><U+30C1><U+30E3><U+30F3><U+30ED><U+30A4>
"
"VS/W50-092","
<U+30EA><U+30F3><U+30CD><U+3068><U+306E><U+51FA><U+4F1A><U+3044> <U+30B8><U+30EB><U+30EA><U+30F3><U+30CD><U+30C8><U+30CE><U+30C7><U+30A2><U+30A4><U+30B8><U+30EB>
"
"VS/W50-093","
<U+30B8><U+30FC><U+30AF><U+30EA><U+30F3><U+30C7>·<U+30A8><U+30EC><U+30DF><U+30A2><U+30B8><U+30FC><U+30AF><U+30EA><U+30F3><U+30C7>·<U+30A8><U+30EC><U+30DF><U+30A2>
"
"VS/W50-094","
<U+304B><U+3064><U+3066><U+306E><U+8096><U+50CF><U+30AB><U+30C4><U+30C6><U+30CE><U+30B7><U+30E7><U+30A6><U+30BE><U+30A6>
"
"VS/W50-095","
<U+30B9><U+30AF><U+30FC><U+30C7><U+30EA><U+30A2><U+30B9><U+30AF><U+30FC><U+30C7><U+30EA><U+30A2>
"
"VS/W50-096","
<U+6311><U+6226><U+306E><U+7533><U+3057><U+51FA><U+30C1><U+30E7><U+30A6><U+30BB><U+30F3><U+30CE><U+30E2><U+30A6><U+30B7><U+30C7>
"
"VS/W50-097","
<U+30B9><U+30AF><U+30FC><U+30C7><U+30EA><U+30A2> <U+30BB><U+30C3><U+30C8><U+30A2><U+30C3><U+30D7><U+30B9><U+30AF><U+30FC><U+30C7><U+30EA><U+30A2> <U+30BB><U+30C3><U+30C8><U+30A2><U+30C3><U+30D7>
"
"VS/W50-098","
<U+96D1><U+5FF5><U+7121><U+304D><U+4E00><U+6483><U+30B6><U+30C4><U+30CD><U+30F3><U+30CA><U+30AD><U+30A4><U+30C1><U+30B2><U+30AD>
"
"VS/W50-099","
<U+5909><U+3048><U+3089><U+308C><U+306A><U+3044><U+904E><U+53BB><U+30AB><U+30A8><U+30E9><U+30EC><U+30CA><U+30A4><U+30AB><U+30B3>
"
"VS/W50-100","
<U+904E><U+9177><U+306A><U+7DF4><U+7FD2><U+30AB><U+30B3><U+30AF><U+30CA><U+30EC><U+30F3><U+30B7><U+30E5><U+30A6>
"
"VS/W50-101","
<U+307E><U+3063><U+3059><U+3050><U+306A><U+77B3> <U+30D5><U+30FC><U+30AB><U+30DE><U+30C3><U+30B9><U+30B0><U+30CA><U+30D2><U+30C8><U+30DF><U+30D5><U+30FC><U+30AB>
"
"VS/W50-102","
<U+683C><U+95D8><U+6280><U+3078><U+306E><U+8A98><U+3044> <U+30A2><U+30A4><U+30F3><U+30CF><U+30EB><U+30C8><U+30AB><U+30AF><U+30C8><U+30A6><U+30AE><U+30D8><U+30CE><U+30B5><U+30BD><U+30A4><U+30A2><U+30A4><U+30F3><U+30CF><U+30EB><U+30C8>
"
"VS/W50-103","
<U+8A66><U+5408><U+89B3><U+6226> <U+30F4><U+30A3><U+30F4><U+30A3><U+30AA><U+30B7><U+30A2><U+30A4><U+30AB><U+30F3><U+30BB><U+30F3><U+30F4><U+30A3><U+30F4><U+30A3><U+30AA>
"
"VS/W50-104","
<U+8A31><U+305B><U+306A><U+3044><U+3082><U+306E> <U+30EA><U+30F3><U+30CD><U+30E6><U+30EB><U+30BB><U+30CA><U+30A4><U+30E2><U+30CE><U+30EA><U+30F3><U+30CD>
"
